GEO.id,GEO.id2,GEO.display-label,B25115_001E,B25115_001M,B25115_002E,B25115_002M,B25115_003E,B25115_003M,B25115_004E,B25115_004M,B25115_005E,B25115_005M,B25115_006E,B25115_006M,B25115_007E,B25115_007M,B25115_008E,B25115_008M,B25115_009E,B25115_009M,B25115_010E,B25115_010M,B25115_011E,B25115_011M,B25115_012E,B25115_012M,B25115_013E,B25115_013M,B25115_014E,B25115_014M,B25115_015E,B25115_015M,B25115_016E,B25115_016M,B25115_017E,B25115_017M,B25115_018E,B25115_018M,B25115_019E,B25115_019M,B25115_020E,B25115_020M,B25115_021E,B25115_021M,B25115_022E,B25115_022M,B25115_023E,B25115_023M,B25115_024E,B25115_024M,B25115_025E,B25115_025M,B25115_026E,B25115_026M,B25115_027E,B25115_027M
Id,Id2,Geography,Estimate!!Total:,Margin of Error!!Total:,Estimate!!Total:!!Owner occupied:,Margin of Error!!Total:!!Owner occupied:,Estimate!!Total:!!Owner occupied:!!Family households:,Margin of Error!!Total:!!Owner occupied:!!Family households:,Estimate!!Total:!!Owner occupied:!!Family households:!!Married-couple family:,Margin of Error!!Total:!!Owner occupied:!!Family households:!!Married-couple family:,Estimate!!Total:!!Owner occupied:!!Family households:!!Married-couple family:!!With own children of the householder under 18 years,Margin of Error!!Total:!!Owner occupied:!!Family households:!!Married-couple family:!!With own children of the householder under 18 years,Estimate!!Total:!!Owner occupied:!!Family households:!!Married-couple family:!!No own children of the householder under 18 years,Margin of Error!!Total:!!Owner occupied:!!Family households:!!Married-couple family:!!No own children of the householder under 18 years,Estimate!!Total:!!Owner occupied:!!Family households:!!Other family:,Margin of Error!!Total:!!Owner occupied:!!Family households:!!Other family:,"Estimate!!Total:!!Owner occupied:!!Family households:!!Other family:!!Male householder, no spouse present:","Margin of Error!!Total:!!Owner occupied:!!Family households:!!Other family:!!Male householder, no spouse present:","Estimate!!Total:!!Owner occupied:!!Family households:!!Other family:!!Male householder, no spouse present:!!With own children of the householder under 18 years","Margin of Error!!Total:!!Owner occupied:!!Family households:!!Other family:!!Male householder, no spouse present:!!With own children of the householder under 18 years","Estimate!!Total:!!Owner occupied:!!Family households:!!Other family:!!Male householder, no spouse present:!!No own children of the householder under 18 years","Margin of Error!!Total:!!Owner occupied:!!Family households:!!Other family:!!Male householder, no spouse present:!!No own children of the householder under 18 years","Estimate!!Total:!!Owner occupied:!!Family households:!!Other family:!!Female householder, no spouse present:","Margin of Error!!Total:!!Owner occupied:!!Family households:!!Other family:!!Female householder, no spouse present:","Estimate!!Total:!!Owner occupied:!!Family households:!!Other family:!!Female householder, no spouse present:!!With own children of the householder under 18 years","Margin of Error!!Total:!!Owner occupied:!!Family households:!!Other family:!!Female householder, no spouse present:!!With own children of the householder under 18 years","Estimate!!Total:!!Owner occupied:!!Family households:!!Other family:!!Female householder, no spouse present:!!No own children of the householder under 18 years","Margin of Error!!Total:!!Owner occupied:!!Family households:!!Other family:!!Female householder, no spouse present:!!No own children of the householder under 18 years",Estimate!!Total:!!Owner occupied:!!Nonfamily households,Margin of Error!!Total:!!Owner occupied:!!Nonfamily households,Estimate!!Total:!!Renter occupied:,Margin of Error!!Total:!!Renter occupied:,Estimate!!Total:!!Renter occupied:!!Family households:,Margin of Error!!Total:!!Renter occupied:!!Family households:,Estimate!!Total:!!Renter occupied:!!Family households:!!Married-couple family:,Margin of Error!!Total:!!Renter occupied:!!Family households:!!Married-couple family:,Estimate!!Total:!!Renter occupied:!!Family households:!!Married-couple family:!!With own children of the householder under 18 years,Margin of Error!!Total:!!Renter occupied:!!Family households:!!Married-couple family:!!With own children of the householder under 18 years,Estimate!!Total:!!Renter occupied:!!Family households:!!Married-couple family:!!No own children of the householder under 18 years,Margin of Error!!Total:!!Renter occupied:!!Family households:!!Married-couple family:!!No own children of the householder under 18 years,Estimate!!Total:!!Renter occupied:!!Family households:!!Other family:,Margin of Error!!Total:!!Renter occupied:!!Family households:!!Other family:,"Estimate!!Total:!!Renter occupied:!!Family households:!!Other family:!!Male householder, no spouse present:","Margin of Error!!Total:!!Renter occupied:!!Family households:!!Other family:!!Male householder, no spouse present:","Estimate!!Total:!!Renter occupied:!!Family households:!!Other family:!!Male householder, no spouse present:!!With own children of the householder under 18 years","Margin of Error!!Total:!!Renter occupied:!!Family households:!!Other family:!!Male householder, no spouse present:!!With own children of the householder under 18 years","Estimate!!Total:!!Renter occupied:!!Family households:!!Other family:!!Male householder, no spouse present:!!No own children of the householder under 18 years","Margin of Error!!Total:!!Renter occupied:!!Family households:!!Other family:!!Male householder, no spouse present:!!No own children of the householder under 18 years","Estimate!!Total:!!Renter occupied:!!Family households:!!Other family:!!Female householder, no spouse present:","Margin of Error!!Total:!!Renter occupied:!!Family households:!!Other family:!!Female householder, no spouse present:","Estimate!!Total:!!Renter occupied:!!Family households:!!Other family:!!Female householder, no spouse present:!!With own children of the householder under 18 years","Margin of Error!!Total:!!Renter occupied:!!Family households:!!Other family:!!Female householder, no spouse present:!!With own children of the householder under 18 years","Estimate!!Total:!!Renter occupied:!!Family households:!!Other family:!!Female householder, no spouse present:!!No own children of the householder under 18 years","Margin of Error!!Total:!!Renter occupied:!!Family households:!!Other family:!!Female householder, no spouse present:!!No own children of the householder under 18 years",Estimate!!Total:!!Renter occupied:!!Nonfamily households,Margin of Error!!Total:!!Renter occupied:!!Nonfamily households
0600000US0900100000,0900100000,"County subdivisions not defined, Fairfield County, Connecticut",0,12,0,12,0,12,0,12,0,12,0,12,0,12,0,12,0,12,0,12,0,12,0,12,0,12,0,12,0,12,0,12,0,12,0,12,0,12,0,12,0,12,0,12,0,12,0,12,0,12,0,12,0,12
0600000US0900104720,0900104720,"Bethel town, Fairfield County, Connecticut",7164,240,5642,270,4353,249,3696,288,1609,201,2087,210,657,162,303,149,202,138,101,64,354,126,157,86,197,85,1289,209,1522,209,668,193,296,128,105,59,191,106,372,156,155,88,97,81,58,57,217,128,127,98,90,89,854,191
0600000US0900108070,0900108070,"Bridgeport town, Fairfield County, Connecticut",50638,795,21188,811,14771,661,9638,592,3807,388,5831,467,5133,476,1427,344,404,186,1023,270,3706,380,1293,271,2413,303,6417,528,29450,797,17295,598,6831,528,3742,418,3089,370,10464,577,2294,362,1215,230,1079,264,8170,520,4880,440,3290,339,12155,669
0600000US0900108980,0900108980,"Brookfield town, Fairfield County, Connecticut",6200,239,5190,305,4173,213,3659,235,1512,147,2147,268,514,115,100,54,24,28,76,47,414,111,105,56,309,92,1017,224,1010,194,523,170,287,153,164,112,123,106,236,92,38,35,12,20,26,30,198,88,122,76,76,48,487,137
0600000US0900118500,0900118500,"Danbury town, Fairfield County, Connecticut",30000,722,17405,762,12167,508,9766,506,3568,357,6198,365,2401,365,738,188,290,111,448,176,1663,295,504,165,1159,261,5238,611,12595,655,7389,559,4166,461,2293,323,1873,366,3223,458,853,257,393,166,460,204,2370,401,1643,322,727,224,5206,506
0600000US0900118850,0900118850,"Darien town, Fairfield County, Connecticut",6895,150,5973,183,5168,177,4754,174,2864,172,1890,174,414,119,103,47,82,42,21,23,311,102,145,65,166,74,805,140,922,145,544,108,373,84,261,76,112,53,171,72,41,33,29,27,12,18,130,71,81,45,49,54,378,111
0600000US0900123890,0900123890,"Easton town, Fairfield County, Connecticut",2799,115,2596,137,2104,125,1926,154,737,94,1189,166,178,80,65,46,7,11,58,44,113,71,32,31,81,61,492,137,203,81,112,71,64,57,34,42,30,30,48,41,0,17,0,17,0,17,48,41,48,41,0,17,91,58
0600000US0900126620,0900126620,"Fairfield town, Fairfield County, Connecticut",20641,401,17018,443,13553,339,11869,354,5509,256,6360,320,1684,207,483,113,184,67,299,87,1201,179,462,122,739,144,3465,298,3623,264,1959,231,1386,206,717,140,669,156,573,138,200,74,120,55,80,48,373,112,283,102,90,54,1664,230
0600000US0900133620,0900133620,"Greenwich town, Fairfield County, Connecticut",22271,365,14678,448,11653,421,10375,398,4594,274,5781,326,1278,217,390,113,132,66,258,100,888,191,325,105,563,142,3025,293,7593,396,4560,354,3151,334,1909,273,1242,212,1409,247,331,112,270,112,61,37,1078,228,621,160,457,143,3033,334
0600000US0900148620,0900148620,"Monroe town, Fairfield County, Connecticut",6673,210,6049,264,4883,262,4376,260,2056,217,2320,171,507,166,89,64,48,46,41,48,418,161,105,76,313,133,1166,237,624,186,256,137,210,132,146,121,64,44,46,43,19,30,19,30,0,19,27,29,12,19,15,24,368,149
0600000US0900150580,0900150580,"New Canaan town, Fairfield County, Connecticut",7116,200,5610,241,4618,201,4266,217,2059,158,2207,201,352,102,114,64,73,53,41,37,238,84,92,64,146,69,992,203,1506,235,819,195,485,146,270,105,215,113,334,153,75,73,53,66,22,34,259,136,150,108,109,87,687,185
0600000US0900150860,0900150860,"New Fairfield town, Fairfield County, Connecticut",4971,166,4641,227,3641,197,3346,192,1274,139,2072,187,295,108,91,56,34,32,57,58,204,76,77,51,127,61,1000,173,330,115,242,103,104,45,51,31,53,36,138,85,48,46,36,42,12,22,90,70,26,29,64,61,88,52
0600000US0900152980,0900152980,"Newtown town, Fairfield County, Connecticut",9885,312,8742,321,7171,261,6323,260,2683,150,3640,279,848,195,356,130,246,113,110,57,492,137,181,92,311,100,1571,222,1143,229,539,142,382,125,92,52,290,109,157,90,50,52,0,23,50,52,107,73,50,50,57,55,604,178
0600000US0900156060,0900156060,"Norwalk town, Fairfield County, Connecticut",34187,645,19849,732,14122,551,11680,462,4542,331,7138,423,2442,330,767,207,300,144,467,140,1675,270,389,120,1286,227,5727,467,14338,663,7820,499,4401,455,2163,351,2238,338,3419,394,914,241,355,136,559,201,2505,313,1587,244,918,220,6518,556
0600000US0900163480,0900163480,"Redding town, Fairfield County, Connecticut",3452,139,2878,142,2380,137,2111,143,964,91,1147,141,269,90,52,46,8,14,44,44,217,78,74,43,143,65,498,104,574,132,261,90,206,71,84,56,122,55,55,53,0,17,0,17,0,17,55,53,22,35,33,42,313,90
0600000US0900163970,0900163970,"Ridgefield town, Fairfield County, Connecticut",9001,260,7721,280,6403,245,5921,236,2983,171,2938,227,482,136,123,64,67,45,56,41,359,122,236,103,123,57,1318,239,1280,225,603,152,424,139,159,85,265,123,179,85,14,21,14,21,0,23,165,82,101,63,64,50,677,182
0600000US0900168170,0900168170,"Shelton town, Fairfield County, Connecticut",16185,368,13039,409,9636,430,8167,406,2572,251,5595,420,1469,233,405,125,141,73,264,112,1064,234,307,116,757,199,3403,364,3146,305,1564,256,930,195,423,155,507,156,634,177,178,105,110,90,68,55,456,162,303,124,153,83,1582,253
0600000US0900168310,0900168310,"Sherman town, Fairfield County, Connecticut",1470,96,1264,120,922,90,793,108,259,55,534,96,129,54,47,35,17,19,30,30,82,46,15,19,67,41,342,98,206,84,131,74,86,60,43,52,43,37,45,51,0,12,0,12,0,12,45,51,16,24,29,46,75,51
0600000US0900173070,0900173070,"Stamford town, Fairfield County, Connecticut",49141,877,25351,826,18353,764,15759,642,5935,374,9824,497,2594,382,544,146,130,67,414,129,2050,336,788,275,1262,236,6998,566,23790,745,12349,685,7469,580,3710,440,3759,562,4880,572,1308,341,751,253,557,216,3572,461,2337,380,1235,295,11441,660
0600000US0900174190,0900174190,"Stratford town, Fairfield County, Connecticut",19857,463,15719,524,11521,409,9124,345,2946,281,6178,342,2397,315,631,158,194,92,437,117,1766,268,614,174,1152,210,4198,421,4138,429,2138,367,923,233,464,147,459,166,1215,244,89,62,77,60,12,14,1126,240,643,166,483,185,2000,269
0600000US0900177200,0900177200,"Trumbull town, Fairfield County, Connecticut",12190,263,10534,319,8880,276,7711,301,3516,220,4195,254,1169,198,470,152,237,117,233,95,699,150,221,88,478,137,1654,222,1656,250,846,202,629,169,455,146,174,72,217,112,87,90,77,86,10,16,130,66,66,54,64,53,810,195
0600000US0900183430,0900183430,"Weston town, Fairfield County, Connecticut",3447,165,3321,171,2868,135,2598,177,1347,142,1251,170,270,98,48,37,24,27,24,26,222,94,113,66,109,73,453,135,126,91,58,53,56,52,47,50,9,13,2,7,0,19,0,19,0,19,2,7,0,19,2,7,68,60
0600000US0900183500,0900183500,"Westport town, Fairfield County, Connecticut",9916,269,8448,330,6813,278,6246,306,3120,180,3126,283,567,142,153,78,94,60,59,41,414,132,171,64,243,104,1635,197,1468,237,756,159,535,148,305,98,230,106,221,79,58,46,48,42,10,16,163,72,81,42,82,67,712,169
0600000US0900186370,0900186370,"Wilton town, Fairfield County, Connecticut",6090,170,5255,212,4453,187,4096,185,2043,122,2053,161,357,94,136,71,97,60,39,34,221,80,104,49,117,62,802,163,835,153,536,124,383,102,255,96,128,60,153,102,78,63,61,56,17,28,75,73,58,71,17,15,299,109
0600000US0900302060,0900302060,"Avon town, Hartford County, Connecticut",6977,202,5810,243,4525,214,4234,227,1850,143,2384,196,291,133,60,44,22,24,38,36,231,119,162,112,69,46,1285,241,1167,191,594,178,397,134,216,97,181,87,197,110,51,55,34,48,17,26,146,88,146,88,0,19,573,167
0600000US0900304300,0900304300,"Berlin town, Hartford County, Connecticut",8181,286,6906,323,5369,287,4435,299,1491,206,2944,330,934,210,189,110,47,48,142,98,745,189,361,134,384,135,1537,252,1275,272,568,228,242,130,116,105,126,77,326,179,17,27,17,27,0,23,309,176,137,109,172,134,707,183
0600000US0900305910,0900305910,"Bloomfield town, Hartford County, Connecticut",8727,339,6241,314,4605,261,3408,313,822,217,2586,267,1197,310,297,132,182,109,115,76,900,268,158,104,742,237,1636,258,2486,289,953,231,438,136,125,84,313,118,515,191,111,80,0,23,111,80,404,171,176,99,228,150,1533,282
0600000US0900308490,0900308490,"Bristol town, Hartford County, Connecticut",24638,583,15679,582,11085,426,8798,416,3337,290,5461,358,2287,305,799,192,337,134,462,137,1488,244,522,157,966,196,4594,437,8959,536,3908,455,1622,256,646,177,976,196,2286,408,486,194,248,151,238,117,1800,364,1114,279,686,202,5051,452
0600000US0900310100,0900310100,"Burlington town, Hartford County, Connecticut",3462,122,3231,142,2597,146,2339,162,979,93,1360,158,258,88,83,47,50,37,33,29,175,81,34,26,141,76,634,139,231,80,122,63,37,31,0,17,37,31,85,58,49,44,19,23,30,42,36,32,13,20,23,25,109,45
0600000US0900312270,0900312270,"Canton town, Hartford County, Connecticut",4046,156,3220,217,2538,236,2099,263,815,146,1284,218,439,181,131,97,9,19,122,95,308,146,175,97,133,105,682,177,826,160,313,139,175,107,51,77,124,77,138,103,38,44,24,39,14,22,100,90,42,38,58,84,513,142
0600000US0900322070,0900322070,"East Granby town, Hartford County, Connecticut",2027,134,1637,149,1157,162,874,199,445,126,429,133,283,115,185,123,77,64,108,106,98,76,89,71,9,21,480,154,390,128,131,89,84,71,32,36,52,54,47,73,0,17,0,17,0,17,47,73,47,73,0,17,259,125
0600000US0900322630,0900322630,"East Hartford town, Hartford County, Connecticut",19046,471,11144,483,7726,484,5242,416,1878,309,3364,304,2484,341,740,206,340,170,400,125,1744,280,575,202,1169,208,3418,371,7902,449,4489,415,1771,333,1021,263,750,229,2718,370,517,199,186,127,331,154,2201,315,1275,278,926,245,3413,432
0600000US0900324800,0900324800,"East Windsor town, Hartford County, Connecticut",4855,246,3312,290,2261,214,1827,242,681,200,1146,225,434,154,42,39,14,22,28,32,392,154,0,19,392,154,1051,210,1543,225,755,220,425,195,148,128,277,140,330,133,77,81,56,73,21,35,253,126,206,129,47,54,788,194
0600000US0900325990,0900325990,"Enfield town, Hartford County, Connecticut",16744,420,12636,411,8737,336,6962,337,2281,206,4681,269,1775,289,706,164,209,78,497,144,1069,207,420,138,649,143,3899,296,4108,321,1974,275,904,235,410,138,494,171,1070,224,328,145,220,134,108,73,742,202,503,163,239,90,2134,274
0600000US0900327600,0900327600,"Farmington town, Hartford County, Connecticut",10463,228,7639,295,5740,214,5066,232,1990,141,3076,211,674,130,128,61,14,16,114,58,546,133,225,91,321,104,1899,243,2824,235,921,196,687,169,361,123,326,137,234,99,63,42,30,29,33,32,171,85,111,77,60,37,1903,179
0600000US0900331240,0900331240,"Glastonbury town, Hartford County, Connecticut",13411,305,10705,288,8326,226,7520,277,3166,230,4354,260,806,180,273,110,115,60,158,100,533,147,165,72,368,123,2379,263,2706,250,1060,169,562,139,269,104,293,90,498,122,55,44,30,34,25,28,443,114,317,117,126,52,1646,210
0600000US0900332640,0900332640,"Granby town, Hartford County, Connecticut",4147,155,3744,180,3132,168,2930,168,1103,111,1827,175,202,77,92,52,34,32,58,41,110,58,74,50,36,36,612,157,403,136,202,117,79,69,33,45,46,48,123,90,42,39,42,39,0,19,81,87,26,28,55,74,201,82
0600000US0900337070,0900337070,"Hartford town, Hartford County, Connecticut",46690,891,11196,563,7917,488,4613,368,1509,262,3104,351,3304,343,780,186,293,114,487,144,2524,314,757,180,1767,272,3279,357,35494,828,18170,597,5020,332,2292,268,2728,303,13150,612,2460,327,1117,255,1343,258,10690,523,6248,454,4442,422,17324,864
0600000US0900337140,0900337140,"Hartland town, Hartford County, Connecticut",756,66,703,59,503,50,444,54,138,30,306,44,59,26,21,16,6,8,15,14,38,22,9,10,29,20,200,49,53,32,12,12,12,12,0,12,12,12,0,12,0,12,0,12,0,12,0,12,0,12,0,12,41,29
0600000US0900344700,0900344700,"Manchester town, Hartford County, Connecticut",23645,511,13012,507,9063,426,7108,406,2620,294,4488,315,1955,288,543,135,172,77,371,117,1412,253,416,144,996,205,3949,405,10633,459,5659,425,3181,403,1591,260,1590,275,2478,331,566,194,275,144,291,140,1912,287,1361,257,551,198,4974,454
0600000US0900345820,0900345820,"Marlborough town, Hartford County, Connecticut",2331,117,2036,124,1749,122,1571,124,559,164,1012,146,178,87,88,59,55,49,33,37,90,74,39,43,51,57,287,120,295,113,108,85,105,82,81,77,24,28,3,9,0,17,0,17,0,17,3,9,0,17,3,9,187,88
0600000US0900350440,0900350440,"New Britain town, Hartford County, Connecticut",28232,626,11308,532,7711,451,5442,363,1428,226,4014,393,2269,300,611,163,136,72,475,154,1658,244,510,161,1148,201,3597,305,16924,677,9118,558,3388,387,1594,289,1794,281,5730,499,1214,264,618,223,596,163,4516,439,3074,379,1442,285,7806,541
0600000US0900352140,0900352140,"Newington town, Hartford County, Connecticut",12366,317,9678,368,6571,280,5277,236,1757,207,3520,217,1294,209,349,122,82,58,267,106,945,162,299,87,646,151,3107,330,2688,254,1169,220,698,165,383,104,315,110,471,172,44,37,29,32,15,16,427,161,275,143,152,69,1519,213
0600000US0900360120,0900360120,"Plainville town, Hartford County, Connecticut",7637,329,5421,336,3637,265,3022,280,949,181,2073,241,615,162,141,73,68,64,73,53,474,161,186,89,288,132,1784,272,2216,327,801,252,360,176,175,107,185,136,441,213,136,150,91,135,45,72,305,145,211,117,94,97,1415,277
0600000US0900365370,0900365370,"Rocky Hill town, Hartford County, Connecticut",8621,313,5474,308,3845,267,3091,273,970,142,2121,231,754,222,340,178,28,31,312,183,414,132,141,89,273,105,1629,279,3147,297,1534,236,1234,216,699,187,535,167,300,159,54,46,35,37,19,28,246,150,115,108,131,119,1613,319
0600000US0900368940,0900368940,"Simsbury town, Hartford County, Connecticut",9583,259,7587,293,5943,209,5445,247,2238,154,3207,220,498,129,197,87,111,66,86,61,301,99,105,55,196,86,1644,191,1996,207,864,180,655,160,381,136,274,105,209,80,35,30,26,28,9,15,174,71,138,65,36,28,1132,204
0600000US0900370550,0900370550,"Southington town, Hartford County, Connecticut",17162,297,14294,347,10796,312,9426,352,3608,262,5818,332,1370,244,384,113,69,46,315,108,986,225,454,185,532,149,3498,333,2868,311,1244,250,569,150,244,85,325,130,675,207,119,74,80,63,39,36,556,183,297,120,259,145,1624,288
0600000US0900371390,0900371390,"South Windsor town, Hartford County, Connecticut",9783,230,8200,328,6435,260,5609,296,2302,202,3307,289,826,160,256,112,130,100,126,57,570,130,285,105,285,106,1765,223,1583,231,737,206,344,129,223,115,121,57,393,195,187,133,76,88,111,93,206,131,131,104,75,61,846,226
0600000US0900374540,0900374540,"Suffield town, Hartford County, Connecticut",5158,152,4510,178,3670,176,2977,207,1079,130,1898,173,693,177,215,111,124,90,91,79,478,146,259,101,219,120,840,167,648,152,306,92,181,70,64,49,117,56,125,61,20,25,11,19,9,15,105,55,44,31,61,45,342,126
0600000US0900382590,0900382590,"West Hartford town, Hartford County, Connecticut",24726,403,17563,398,12872,320,11070,353,4938,262,6132,374,1802,237,543,157,173,62,370,145,1259,180,575,133,684,146,4691,356,7163,389,2672,338,1400,237,642,153,758,178,1272,258,303,121,231,109,72,57,969,202,678,175,291,99,4491,375
0600000US0900384900,0900384900,"Wethersfield town, Hartford County, Connecticut",10917,285,8655,296,6109,234,5244,297,2086,208,3158,253,865,211,254,99,84,69,170,80,611,173,240,104,371,138,2546,269,2262,267,790,188,344,133,173,81,171,92,446,157,65,45,13,21,52,40,381,148,274,144,107,75,1472,228
0600000US0900387000,0900387000,"Windsor town, Hartford County, Connecticut",10770,295,8908,345,6367,276,5123,328,1986,227,3137,283,1244,224,259,92,59,29,200,90,985,215,341,112,644,196,2541,290,1862,232,868,161,471,126,206,93,265,113,397,145,77,49,33,36,44,39,320,128,142,77,178,90,994,180
0600000US0900387070,0900387070,"Windsor Locks town, Hartford County, Connecticut",5307,223,4191,276,2842,206,2305,180,853,109,1452,158,537,137,167,81,35,45,132,68,370,126,22,23,348,126,1349,231,1116,237,494,186,164,93,96,84,68,41,330,160,91,81,14,22,77,79,239,145,210,142,29,30,622,173
0600000US0900502760,0900502760,"Barkhamsted town, Litchfield County, Connecticut",1336,75,1238,74,1052,74,927,81,362,65,565,92,125,49,55,31,30,26,25,25,70,35,0,12,70,35,186,67,98,71,76,63,44,52,6,12,38,51,32,38,0,12,0,12,0,12,32,38,9,14,23,35,22,26
0600000US0900504930,0900504930,"Bethlehem town, Litchfield County, Connecticut",1204,110,1008,125,772,104,671,100,206,48,465,90,101,48,34,24,20,19,14,15,67,42,19,20,48,35,236,94,196,61,115,47,67,37,47,30,20,21,48,35,26,34,26,34,0,12,22,27,22,27,0,12,81,43
0600000US0900508210,0900508210,"Bridgewater town, Litchfield County, Connecticut",699,43,604,41,438,38,392,40,81,19,311,38,46,18,24,14,0,12,24,14,22,12,9,8,13,11,166,29,95,27,52,19,43,17,14,10,29,14,9,6,9,6,9,6,0,12,0,12,0,12,0,12,43,19
0600000US0900510940,0900510940,"Canaan town, Litchfield County, Connecticut",507,56,441,59,304,49,254,49,57,25,197,42,50,25,25,19,9,9,16,16,25,14,10,8,15,11,137,35,66,25,31,18,28,17,15,11,13,16,3,4,0,12,0,12,0,12,3,4,0,12,3,4,35,21
0600000US0900516050,0900516050,"Colebrook town, Litchfield County, Connecticut",590,49,530,56,342,46,305,46,103,28,202,35,37,15,25,14,14,11,11,10,12,9,0,12,12,9,188,41,60,28,49,25,25,21,20,19,5,6,24,23,16,19,0,12,16,19,8,9,8,9,0,12,11,12
0600000US0900517240,0900517240,"Cornwall town, Litchfield County, Connecticut",598,52,466,47,327,44,286,44,69,31,217,35,41,18,24,15,10,10,14,10,17,11,5,5,12,10,139,37,132,35,67,24,51,22,16,12,35,20,16,12,0,12,0,12,0,12,16,12,16,12,0,12,65,27
0600000US0900532290,0900532290,"Goshen town, Litchfield County, Connecticut",1098,76,1039,73,761,54,704,63,206,53,498,67,57,35,27,26,11,18,16,19,30,25,0,12,30,25,278,77,59,35,38,25,23,28,5,9,18,25,15,21,0,12,0,12,0,12,15,21,15,21,0,12,21,22
0600000US0900537280,0900537280,"Harwinton town, Litchfield County, Connecticut",1943,89,1860,88,1574,86,1278,127,460,86,818,115,296,110,149,73,75,53,74,49,147,70,55,43,92,53,286,80,83,55,46,40,38,37,0,17,38,37,8,13,0,17,0,17,0,17,8,13,8,13,0,17,37,32
0600000US0900540290,0900540290,"Kent town, Litchfield County, Connecticut",1176,167,956,160,559,108,446,93,77,31,369,96,113,64,20,22,7,12,13,19,93,60,28,30,65,53,397,127,220,74,103,45,71,34,57,32,14,12,32,29,13,15,7,12,6,10,19,24,0,12,19,24,117,60
0600000US0900543370,0900543370,"Litchfield town, Litchfield County, Connecticut",3415,208,2644,171,1968,118,1642,156,437,86,1205,146,326,116,158,87,77,57,81,57,168,62,30,28,138,51,676,132,771,125,251,82,146,51,38,26,108,45,105,57,63,50,51,48,12,14,42,31,25,27,17,16,520,93
0600000US0900549460,0900549460,"Morris town, Litchfield County, Connecticut",854,84,727,77,558,69,464,60,169,45,295,42,94,37,47,34,5,8,42,33,47,22,20,16,27,16,169,50,127,52,46,26,31,20,18,13,13,14,15,14,4,7,4,7,0,12,11,12,11,12,0,12,81,41
0600000US0900551350,0900551350,"New Hartford town, Litchfield County, Connecticut",2580,155,2327,149,1700,127,1532,121,654,108,878,125,168,78,73,56,32,34,41,46,95,59,52,44,43,40,627,154,253,131,84,82,74,79,59,75,15,25,10,18,0,17,0,17,0,17,10,18,10,18,0,17,169,100
0600000US0900552630,0900552630,"New Milford town, Litchfield County, Connecticut",10512,309,8182,408,6207,303,5466,302,1993,191,3473,274,741,167,249,104,65,52,184,98,492,141,120,84,372,114,1975,325,2330,303,1039,208,499,137,212,82,287,114,540,181,127,100,97,95,30,32,413,135,304,120,109,64,1291,231
0600000US0900553470,0900553470,"Norfolk town, Litchfield County, Connecticut",700,55,522,47,380,45,306,45,83,29,223,36,74,27,23,18,16,17,7,7,51,22,21,17,30,16,142,31,178,47,66,25,49,20,15,12,34,17,17,17,0,12,0,12,0,12,17,17,13,16,4,5,112,40
0600000US0900554030,0900554030,"North Canaan town, Litchfield County, Connecticut",1402,110,889,111,552,81,443,92,98,52,345,77,109,68,67,63,19,30,48,53,42,39,0,12,42,39,337,95,513,116,147,68,119,65,52,49,67,60,28,24,10,14,10,14,0,12,18,21,18,21,0,12,366,100
0600000US0900560750,0900560750,"Plymouth town, Litchfield County, Connecticut",4858,198,3864,227,2773,172,2282,181,625,121,1657,142,491,138,192,99,92,67,100,70,299,98,115,54,184,76,1091,203,994,175,322,112,132,50,36,29,96,44,190,104,85,54,22,28,63,58,105,70,86,67,19,19,672,157
0600000US0900565930,0900565930,"Roxbury town, Litchfield County, Connecticut",892,58,747,60,535,56,498,59,148,37,350,57,37,21,3,6,0,12,3,6,34,20,12,13,22,17,212,49,145,46,55,29,50,27,28,18,22,20,5,8,0,12,0,12,0,12,5,8,5,8,0,12,90,40
0600000US0900566420,0900566420,"Salisbury town, Litchfield County, Connecticut",1700,135,1122,153,743,126,641,118,147,58,494,116,102,60,57,48,47,43,10,17,45,35,33,30,12,18,379,131,578,158,186,92,114,71,54,49,60,44,72,64,0,12,0,12,0,12,72,64,72,64,0,12,392,152
0600000US0900567960,0900567960,"Sharon town, Litchfield County, Connecticut",1278,137,945,145,625,120,625,120,91,57,534,124,0,12,0,12,0,12,0,12,0,12,0,12,0,12,320,129,333,115,199,94,110,61,35,32,75,52,89,68,43,44,43,44,0,12,46,56,34,54,12,19,134,95
0600000US0900575730,0900575730,"Thomaston town, Litchfield County, Connecticut",3157,145,2370,142,1734,126,1476,156,531,129,945,143,258,91,118,80,49,69,69,48,140,69,50,48,90,49,636,139,787,137,305,87,184,72,43,29,141,64,121,64,87,60,40,46,47,38,34,27,24,23,10,16,482,118
0600000US0900576570,0900576570,"Torrington town, Litchfield County, Connecticut",14471,353,9713,363,6477,295,5332,320,1557,209,3775,282,1145,194,402,141,189,84,213,102,743,142,247,84,496,113,3236,339,4758,365,2186,260,799,186,331,103,468,146,1387,234,542,167,303,128,239,114,845,208,628,183,217,95,2572,312
0600000US0900579510,0900579510,"Warren town, Litchfield County, Connecticut",593,43,536,41,418,39,357,43,110,28,247,30,61,23,24,14,9,10,15,10,37,19,7,7,30,20,118,32,57,27,27,15,21,13,17,10,4,6,6,8,0,12,0,12,0,12,6,8,0,12,6,8,30,24
0600000US0900579720,0900579720,"Washington town, Litchfield County, Connecticut",1388,133,1088,118,660,86,616,87,155,58,461,88,44,43,9,13,0,12,9,13,35,41,0,12,35,41,428,98,300,104,189,75,129,66,98,64,31,27,60,58,41,55,41,55,0,12,19,21,19,21,0,12,111,63
0600000US0900580490,0900580490,"Watertown town, Litchfield County, Connecticut",8513,370,6735,381,5243,320,4302,338,1584,244,2718,301,941,218,376,155,34,36,342,148,565,153,92,55,473,135,1492,323,1778,336,644,194,314,123,106,72,208,105,330,138,0,23,0,23,0,23,330,138,279,133,51,44,1134,302
0600000US0900586440,0900586440,"Winchester town, Litchfield County, Connecticut",4550,239,2950,295,1928,227,1663,220,409,120,1254,208,265,136,48,45,18,28,30,34,217,120,76,64,141,100,1022,257,1600,248,746,188,360,163,191,140,169,94,386,189,71,70,0,19,71,70,315,163,180,120,135,109,854,202
0600000US0900587910,0900587910,"Woodbury town, Litchfield County, Connecticut",4129,183,3211,214,2404,171,2136,186,691,168,1445,181,268,94,26,25,6,10,20,22,242,96,73,59,169,72,807,209,918,136,368,108,161,87,83,65,78,56,207,80,41,37,11,18,30,32,166,69,126,76,40,44,550,115
0600000US0900700000,0900700000,"County subdivisions not defined, Middlesex County, Connecticut",0,12,0,12,0,12,0,12,0,12,0,12,0,12,0,12,0,12,0,12,0,12,0,12,0,12,0,12,0,12,0,12,0,12,0,12,0,12,0,12,0,12,0,12,0,12,0,12,0,12,0,12,0,12
0600000US0900714300,0900714300,"Chester town, Middlesex County, Connecticut",1772,143,1355,167,924,132,781,114,229,71,552,93,143,63,9,14,0,12,9,14,134,64,56,43,78,48,431,122,417,115,130,67,70,60,0,12,70,60,60,44,9,13,0,12,9,13,51,44,42,42,9,15,287,97
0600000US0900715350,0900715350,"Clinton town, Middlesex County, Connecticut",5396,161,4303,200,3149,168,2591,189,827,142,1764,195,558,138,207,80,52,35,155,73,351,94,96,45,255,86,1154,182,1093,194,549,132,287,100,144,63,143,68,262,91,118,64,53,41,65,59,144,74,104,66,40,30,544,137
0600000US0900718080,0900718080,"Cromwell town, Middlesex County, Connecticut",5897,289,4492,257,2953,216,2476,241,878,148,1598,251,477,169,238,148,204,149,34,32,239,96,41,38,198,93,1539,250,1405,253,543,147,335,114,74,76,261,90,208,94,47,50,47,50,0,19,161,80,119,75,42,40,862,215
0600000US0900719130,0900719130,"Deep River town, Middlesex County, Connecticut",1883,127,1350,138,1037,131,838,131,294,74,544,115,199,77,74,55,46,46,28,30,125,61,55,42,70,47,313,89,533,125,214,87,156,78,80,56,76,65,58,50,0,12,0,12,0,12,58,50,46,48,12,15,319,108
0600000US0900720810,0900720810,"Durham town, Middlesex County, Connecticut",2768,142,2617,157,2002,172,1784,202,519,132,1265,219,218,111,126,88,109,84,17,26,92,58,16,26,76,51,615,158,151,81,65,56,17,26,17,26,0,17,48,50,16,25,16,25,0,17,32,38,32,38,0,17,86,64
0600000US0900722280,0900722280,"East Haddam town, Middlesex County, Connecticut",3640,192,3107,232,2407,174,2226,187,765,104,1461,170,181,99,92,75,66,69,26,30,89,63,34,31,55,54,700,201,533,162,245,135,105,81,34,30,71,77,140,119,0,17,0,17,0,17,140,119,44,53,96,104,288,110
0600000US0900722490,0900722490,"East Hampton town, Middlesex County, Connecticut",4831,208,4202,243,3151,168,2730,189,985,128,1745,178,421,131,82,45,21,23,61,39,339,127,85,60,254,107,1051,207,629,160,305,105,249,100,139,76,110,65,56,50,17,27,0,19,17,27,39,40,39,40,0,19,324,134
0600000US0900726270,0900726270,"Essex town, Middlesex County, Connecticut",3074,156,2248,188,1565,188,1390,197,393,87,997,194,175,82,30,37,0,17,30,37,145,72,100,77,45,36,683,195,826,216,273,119,193,107,0,17,193,107,80,62,13,19,13,19,0,17,67,57,58,56,9,15,553,186
0600000US0900735230,0900735230,"Haddam town, Middlesex County, Connecticut",3101,167,2580,192,2159,180,1950,180,498,150,1452,178,209,87,85,59,42,42,43,39,124,61,58,40,66,43,421,134,521,154,270,131,196,113,86,75,110,80,74,89,0,17,0,17,0,17,74,89,57,86,17,27,251,109
0600000US0900740710,0900740710,"Killingworth town, Middlesex County, Connecticut",2304,150,2161,169,1740,144,1590,158,652,98,938,172,150,69,44,42,0,17,44,42,106,62,15,25,91,65,421,120,143,75,77,67,15,23,0,17,15,23,62,66,0,17,0,17,0,17,62,66,62,66,0,17,66,53
0600000US0900747080,0900747080,"Middlefield town, Middlesex County, Connecticut",1758,121,1479,150,1083,102,991,103,316,68,675,112,92,50,43,30,22,25,21,23,49,35,20,22,29,28,396,128,279,86,143,85,41,32,0,12,41,32,102,81,47,47,9,14,38,45,55,62,55,62,0,12,136,60
0600000US0900747360,0900747360,"Middletown town, Middlesex County, Connecticut",19294,465,10170,444,7025,378,5545,357,1890,239,3655,322,1480,268,447,129,266,104,181,80,1033,232,385,142,648,179,3145,319,9124,460,3335,330,1554,249,748,181,806,193,1781,269,223,109,134,81,89,87,1558,257,1046,216,512,166,5789,462
0600000US0900757320,0900757320,"Old Saybrook town, Middlesex County, Connecticut",4343,216,3506,254,2364,202,2104,199,478,119,1626,164,260,104,71,44,32,31,39,30,189,88,98,74,91,64,1142,251,837,191,447,174,264,148,207,139,57,50,183,108,20,31,0,19,20,31,163,105,130,105,33,31,390,126
0600000US0900761800,0900761800,"Portland town, Middlesex County, Connecticut",3741,148,3086,185,2184,174,1844,191,726,118,1118,207,340,106,143,77,38,41,105,64,197,91,76,62,121,74,902,189,655,146,257,117,64,55,11,17,53,50,193,100,36,33,14,22,22,26,157,96,111,72,46,53,398,97
0600000US0900781680,0900781680,"Westbrook town, Middlesex County, Connecticut",3169,224,2579,235,1723,189,1398,203,293,102,1105,210,325,136,87,75,19,29,68,71,238,119,42,50,196,122,856,232,590,170,255,123,180,100,93,74,87,65,75,56,11,19,11,19,0,17,64,51,0,17,64,51,335,147
0600000US0900900000,0900900000,"County subdivisions not defined, New Haven County, Connecticut",0,12,0,12,0,12,0,12,0,12,0,12,0,12,0,12,0,12,0,12,0,12,0,12,0,12,0,12,0,12,0,12,0,12,0,12,0,12,0,12,0,12,0,12,0,12,0,12,0,12,0,12,0,12
0600000US0900901220,0900901220,"Ansonia town, New Haven County, Connecticut",7806,409,4638,364,2993,259,2166,268,704,204,1462,200,827,194,286,120,73,56,213,106,541,150,100,69,441,131,1645,292,3168,398,1598,267,489,195,270,141,219,120,1109,299,228,137,58,77,170,124,881,258,496,193,385,205,1570,333
0600000US0900903250,0900903250,"Beacon Falls town, New Haven County, Connecticut",2447,125,2147,145,1604,130,1166,125,412,85,754,131,438,166,249,124,84,82,165,93,189,111,76,61,113,99,543,155,300,104,110,65,47,44,0,17,47,44,63,51,0,17,0,17,0,17,63,51,32,36,31,33,190,78
0600000US0900904580,0900904580,"Bethany town, New Haven County, Connecticut",2018,125,1832,136,1550,112,1446,134,441,86,1005,133,104,66,52,53,5,12,47,51,52,46,18,28,34,38,282,126,186,105,98,59,53,44,29,37,24,32,45,53,0,17,0,17,0,17,45,53,23,40,22,34,88,89
0600000US0900907310,0900907310,"Branford town, New Haven County, Connecticut",12369,392,8433,416,5765,325,4711,266,1197,164,3514,280,1054,221,295,130,192,118,103,51,759,185,239,109,520,142,2668,334,3936,407,1595,282,845,211,306,113,539,186,750,234,266,132,192,115,74,61,484,200,350,169,134,74,2341,398
0600000US0900914160,0900914160,"Cheshire town, New Haven County, Connecticut",10169,348,8933,331,7073,283,6247,293,2287,243,3960,306,826,202,289,134,116,61,173,107,537,133,210,97,327,101,1860,278,1236,190,489,136,339,119,127,75,212,96,150,80,57,64,40,60,17,27,93,53,37,35,56,43,747,162
0600000US0900919550,0900919550,"Derby town, New Haven County, Connecticut",5146,372,2949,302,1847,268,1435,289,380,144,1055,271,412,155,55,51,9,15,46,47,357,150,32,37,325,143,1102,270,2197,337,1075,241,455,189,181,102,274,163,620,205,65,53,0,19,65,53,555,203,409,164,146,88,1122,270
0600000US0900922910,0900922910,"East Haven town, New Haven County, Connecticut",11147,369,8102,396,5588,308,4316,325,1395,207,2921,326,1272,184,388,122,114,70,274,105,884,144,289,101,595,135,2514,335,3045,317,1350,266,680,197,119,106,561,191,670,163,183,108,126,100,57,59,487,145,362,133,125,65,1695,267
0600000US0900934950,0900934950,"Guilford town, New Haven County, Connecticut",8397,267,7269,302,5646,229,5037,254,1779,177,3258,261,609,130,216,67,46,34,170,64,393,116,196,77,197,77,1623,246,1128,188,550,150,301,119,114,82,187,87,249,105,53,32,31,27,22,20,196,96,172,93,24,24,578,164
0600000US0900935650,0900935650,"Hamden town, New Haven County, Connecticut",22577,547,14432,616,9939,475,7969,448,2716,280,5253,390,1970,399,522,228,72,52,450,227,1448,293,550,201,898,221,4493,438,8145,437,3743,396,2015,331,806,212,1209,257,1728,308,241,110,64,49,177,101,1487,298,999,242,488,161,4402,440
0600000US0900944560,0900944560,"Madison town, New Haven County, Connecticut",6912,278,5919,282,4748,244,4225,247,1528,169,2697,266,523,146,207,91,93,65,114,72,316,123,99,87,217,101,1171,176,993,192,362,131,182,96,93,71,89,59,180,96,11,17,11,17,0,19,169,94,169,94,0,19,631,183
0600000US0900946520,0900946520,"Meriden town, New Haven County, Connecticut",25595,593,14848,579,10077,437,7528,462,2212,232,5316,402,2549,356,870,252,289,119,581,211,1679,286,619,198,1060,199,4771,545,10747,677,4175,375,1910,335,832,237,1078,235,2265,255,410,134,168,89,242,95,1855,252,1158,225,697,165,6572,638
0600000US0900946940,0900946940,"Middlebury town, New Haven County, Connecticut",2749,116,2529,123,1974,116,1746,115,619,87,1127,128,228,68,41,33,7,12,34,30,187,60,19,21,168,53,555,102,220,75,118,57,74,49,33,32,41,37,44,44,0,17,0,17,0,17,44,44,10,16,34,42,102,47
0600000US0900947535,0900947535,"Milford town, New Haven County, Connecticut",22451,500,16720,538,11553,403,9783,443,3237,232,6546,404,1770,269,463,129,84,62,379,121,1307,239,370,137,937,184,5167,466,5731,474,2661,332,1668,262,605,189,1063,197,993,242,151,80,64,58,87,56,842,232,572,188,270,117,3070,394
0600000US0900949950,0900949950,"Naugatuck town, New Haven County, Connecticut",11589,434,7999,436,6178,373,4816,378,1648,216,3168,335,1362,273,522,170,224,123,298,114,840,238,216,147,624,191,1821,330,3590,359,1809,308,842,226,536,213,306,102,967,242,147,89,102,79,45,44,820,244,499,187,321,139,1781,355
0600000US0900952070,0900952070,"New Haven town, New Haven County, Connecticut",49177,893,13757,719,8889,546,5820,456,2191,287,3629,383,3069,507,685,213,351,163,334,119,2384,430,930,281,1454,317,4868,456,35420,865,16406,782,6279,533,3288,417,2991,391,10127,638,1652,309,774,193,878,244,8475,596,5543,527,2932,374,19014,789
0600000US0900953890,0900953890,"North Branford town, New Haven County, Connecticut",5339,221,4570,273,3531,238,3006,284,952,190,2054,281,525,188,160,111,68,78,92,81,365,157,116,94,249,122,1039,232,769,226,291,128,121,81,42,40,79,69,170,112,111,104,92,101,19,30,59,50,0,19,59,50,478,184
0600000US0900954870,0900954870,"North Haven town, New Haven County, Connecticut",9064,317,7406,334,5771,277,4775,299,1604,191,3171,270,996,216,247,89,102,60,145,63,749,189,308,140,441,116,1635,292,1658,287,711,190,504,156,100,70,404,144,207,108,55,41,16,20,39,39,152,108,101,102,51,39,947,207
0600000US0900957600,0900957600,"Orange town, New Haven County, Connecticut",4974,170,4372,193,3625,171,3199,175,1262,118,1937,159,426,103,84,55,30,45,54,33,342,93,93,61,249,84,747,128,602,123,224,76,115,57,62,46,53,34,109,51,31,27,16,19,15,19,78,48,34,35,44,34,378,112
0600000US0900958300,0900958300,"Oxford town, New Haven County, Connecticut",4694,190,4415,252,3530,221,3176,222,1258,165,1918,227,354,126,114,76,28,28,86,70,240,94,119,72,121,70,885,198,279,136,158,100,84,66,16,25,68,53,74,75,10,20,0,19,10,20,64,73,50,71,14,22,121,100
0600000US0900962290,0900962290,"Prospect town, New Haven County, Connecticut",3347,149,2990,187,2382,137,2038,169,733,91,1305,139,344,110,105,62,41,42,64,48,239,95,45,44,194,77,608,153,357,160,118,82,87,74,43,66,44,39,31,31,14,24,0,17,14,24,17,19,9,14,8,14,239,132
0600000US0900967610,0900967610,"Seymour town, New Haven County, Connecticut",6203,266,4409,261,3403,231,2602,222,1019,146,1583,205,801,164,245,91,127,79,118,77,556,158,227,111,329,122,1006,202,1794,240,666,208,344,170,208,157,136,71,322,168,154,113,91,106,63,49,168,127,143,111,25,38,1128,226
0600000US0900969640,0900969640,"Southbury town, New Haven County, Connecticut",7966,233,6807,254,4714,221,4145,226,1474,162,2671,234,569,145,203,92,104,63,99,68,366,98,151,73,215,82,2093,240,1159,180,466,137,268,102,29,35,239,95,198,87,64,39,18,27,46,31,134,84,96,76,38,38,693,150
0600000US0900978740,0900978740,"Wallingford town, New Haven County, Connecticut",18664,492,13470,446,9561,349,8015,373,2144,279,5871,361,1546,252,459,147,156,77,303,128,1087,212,280,129,807,187,3909,387,5194,359,2043,235,1233,229,396,136,837,195,810,162,236,79,91,47,145,70,574,165,347,117,227,117,3151,330
0600000US0900980070,0900980070,"Waterbury town, New Haven County, Connecticut",40937,816,16950,792,11377,596,8161,542,3101,364,5060,415,3216,362,856,179,256,116,600,142,2360,332,953,240,1407,257,5573,485,23987,663,13406,612,4775,449,2089,321,2686,374,8631,595,1533,313,745,272,788,207,7098,553,4719,447,2379,384,10581,732
0600000US0900982870,0900982870,"West Haven town, New Haven County, Connecticut",19886,620,10867,494,7662,426,5897,407,2121,246,3776,328,1765,278,461,152,97,64,364,144,1304,257,501,187,803,191,3205,338,9019,543,4434,410,1707,292,753,229,954,273,2727,367,968,279,366,169,602,217,1759,357,1235,300,524,163,4585,486
0600000US0900987560,0900987560,"Wolcott town, New Haven County, Connecticut",6052,228,5136,248,4080,184,3300,230,1226,159,2074,186,780,183,217,89,33,38,184,85,563,159,143,75,420,144,1056,208,916,202,432,143,181,95,57,69,124,69,251,125,92,77,51,66,41,60,159,105,133,103,26,30,484,146
0600000US0900987700,0900987700,"Woodbridge town, New Haven County, Connecticut",2897,128,2552,138,2203,140,1949,180,803,91,1146,174,254,91,121,84,26,27,95,78,133,65,53,41,80,48,349,121,345,95,150,65,78,56,22,25,56,52,72,39,30,26,22,24,8,12,42,35,28,26,14,23,195,73
0600000US0901100000,0901100000,"County subdivisions not defined, New London County, Connecticut",0,12,0,12,0,12,0,12,0,12,0,12,0,12,0,12,0,12,0,12,0,12,0,12,0,12,0,12,0,12,0,12,0,12,0,12,0,12,0,12,0,12,0,12,0,12,0,12,0,12,0,12,0,12
0600000US0901106820,0901106820,"Bozrah town, New London County, Connecticut",986,55,823,58,672,45,501,56,136,44,365,49,171,52,55,31,39,29,16,14,116,43,34,21,82,39,151,48,163,49,84,37,27,17,4,8,23,16,57,36,27,33,7,11,20,31,30,25,17,17,13,19,79,34
0600000US0901115910,0901115910,"Colchester town, New London County, Connecticut",5985,209,4598,263,3514,219,2953,208,1075,165,1878,182,561,171,302,153,225,134,77,55,259,88,157,68,102,55,1084,196,1387,245,745,204,404,162,132,94,272,127,341,129,90,89,81,89,9,14,251,107,193,104,58,50,642,165
0600000US0901123400,0901123400,"East Lyme town, New London County, Connecticut",7345,199,5593,259,4145,216,3551,223,1038,130,2513,221,594,127,162,67,84,56,78,35,432,111,122,53,310,103,1448,185,1752,207,614,145,318,100,140,65,178,77,296,90,68,47,43,38,25,30,228,79,207,82,21,20,1138,186
0600000US0901129910,0901129910,"Franklin town, New London County, Connecticut",717,49,624,48,488,44,439,48,155,29,284,41,49,25,12,12,0,12,12,12,37,23,21,17,16,14,136,29,93,23,30,17,27,16,10,11,17,11,3,4,0,12,0,12,0,12,3,4,0,12,3,4,63,19
0600000US0901133900,0901133900,"Griswold town, New London County, Connecticut",4898,234,3546,301,2570,252,2050,266,678,152,1372,209,520,179,199,99,74,61,125,81,321,144,127,100,194,114,976,248,1352,276,854,218,302,161,210,160,92,82,552,168,107,86,88,80,19,35,445,176,341,153,104,98,498,214
0600000US0901134250,0901134250,"Groton town, New London County, Connecticut",15958,462,7744,360,5165,260,4345,248,1246,170,3099,230,820,181,264,111,86,52,178,100,556,144,202,97,354,111,2579,306,8214,442,4190,333,2381,271,1313,201,1068,209,1809,272,524,223,217,163,307,157,1285,213,867,211,418,156,4024,447
0600000US0901142390,0901142390,"Lebanon town, New London County, Connecticut",2818,146,2453,164,1893,156,1483,165,590,136,893,128,410,151,175,109,18,29,157,101,235,116,116,90,119,68,560,173,365,144,97,59,61,42,0,17,61,42,36,40,0,17,0,17,0,17,36,40,0,17,36,40,268,127
0600000US0901142600,0901142600,"Ledyard town, New London County, Connecticut",5769,268,4809,259,3631,253,3180,261,1162,214,2018,207,451,153,101,72,66,62,35,33,350,135,139,77,211,95,1178,277,960,205,479,168,335,153,178,126,157,88,144,80,54,40,38,30,16,26,90,72,73,67,17,27,481,178
0600000US0901143230,0901143230,"Lisbon town, New London County, Connecticut",1714,86,1451,102,1126,88,923,118,335,82,588,109,203,85,62,57,0,12,62,57,141,67,83,40,58,47,325,86,263,94,156,77,109,62,45,43,64,45,47,42,0,12,0,12,0,12,47,42,23,21,24,38,107,67
0600000US0901144210,0901144210,"Lyme town, New London County, Connecticut",1056,58,862,83,616,65,525,67,127,33,398,64,91,40,63,34,33,21,30,25,28,24,5,7,23,23,246,54,194,73,106,53,73,46,64,44,9,9,33,28,20,23,20,23,0,12,13,12,13,12,0,12,88,46
0600000US0901148900,0901148900,"Montville town, New London County, Connecticut",6997,260,5645,294,4210,258,3227,285,994,175,2233,263,983,224,436,178,84,67,352,169,547,167,212,97,335,127,1435,285,1352,267,772,199,340,124,191,113,149,70,432,182,301,159,99,61,202,151,131,97,103,92,28,26,580,179
0600000US0901152350,0901152350,"New London town, New London County, Connecticut",10732,515,3961,346,2690,285,1853,225,700,178,1153,205,837,234,209,87,25,27,184,87,628,218,181,103,447,175,1271,269,6771,485,3125,344,1039,219,498,156,541,157,2086,303,450,169,350,165,100,61,1636,281,1189,228,447,175,3646,434
0600000US0901155500,0901155500,"North Stonington town, New London County, Connecticut",1982,183,1650,212,1230,172,1140,174,450,112,690,134,90,77,57,54,18,29,39,43,33,53,33,53,0,17,420,161,332,132,161,104,110,93,94,91,16,25,51,55,0,17,0,17,0,17,51,55,33,47,18,29,171,96
0600000US0901156270,0901156270,"Norwich town, New London County, Connecticut",16121,437,8314,459,5588,320,4381,280,1365,209,3016,263,1207,245,417,182,128,91,289,152,790,186,281,113,509,157,2726,366,7807,433,4084,386,1628,299,838,211,790,223,2456,384,587,232,199,118,388,199,1869,329,1372,306,497,191,3723,403
0600000US0901157040,0901157040,"Old Lyme town, New London County, Connecticut",3197,176,2544,178,1906,138,1690,140,462,68,1228,134,216,75,57,39,21,24,36,30,159,69,57,32,102,63,638,138,653,160,242,103,174,96,86,65,88,69,68,51,29,41,29,41,0,17,39,31,28,27,11,16,411,136
0600000US0901162150,0901162150,"Preston town, New London County, Connecticut",1830,96,1560,141,1187,122,913,120,285,84,628,102,274,109,88,60,19,23,69,60,186,92,71,80,115,57,373,106,270,99,136,82,82,66,59,61,23,24,54,45,35,39,0,12,35,39,19,23,10,16,9,16,134,70
0600000US0901166210,0901166210,"Salem town, New London County, Connecticut",1661,86,1509,99,1236,77,1092,89,387,76,705,89,144,59,50,36,22,32,28,26,94,45,27,29,67,38,273,91,152,71,97,62,53,38,19,29,34,27,44,49,27,43,27,43,0,12,17,26,17,26,0,12,55,40
0600000US0901171670,0901171670,"Sprague town, New London County, Connecticut",1149,83,746,87,562,56,506,64,145,43,361,66,56,37,51,37,39,33,12,13,5,7,0,12,5,7,184,67,403,79,203,62,85,46,61,41,24,22,118,55,61,29,40,29,21,23,57,43,57,43,0,12,200,62
0600000US0901173770,0901173770,"Stonington town, New London County, Connecticut",8210,221,5977,239,4199,186,3723,202,1060,134,2663,204,476,127,165,71,98,58,67,40,311,106,82,43,229,102,1778,205,2233,233,1008,168,397,103,160,67,237,80,611,132,178,91,121,79,57,47,433,123,305,100,128,55,1225,182
0600000US0901178600,0901178600,"Voluntown town, New London County, Connecticut",987,58,834,69,623,54,498,57,163,37,335,48,125,46,54,30,15,14,39,25,71,37,34,26,37,28,211,64,153,61,100,53,63,42,31,24,32,35,37,31,6,9,6,9,0,12,31,30,31,30,0,12,53,29
0600000US0901180280,0901180280,"Waterford town, New London County, Connecticut",7715,275,6323,258,4375,210,3537,228,1144,194,2393,234,838,170,219,89,85,53,134,69,619,136,144,71,475,127,1948,237,1392,220,705,195,319,111,128,70,191,87,386,130,208,103,107,82,101,71,178,80,125,82,53,37,687,157
0600000US0901301080,0901301080,"Andover town, Tolland County, Connecticut",1216,97,1075,86,853,75,754,80,245,53,509,87,99,46,30,33,30,33,0,12,69,31,14,15,55,27,222,66,141,78,35,56,35,56,0,12,35,56,0,12,0,12,0,12,0,12,0,12,0,12,0,12,106,50
0600000US0901306260,0901306260,"Bolton town, Tolland County, Connecticut",1821,104,1656,109,1254,88,1050,113,341,60,709,110,204,71,54,35,43,33,11,15,150,66,47,32,103,56,402,107,165,68,66,45,36,35,28,32,8,13,30,29,20,24,0,12,20,24,10,16,0,12,10,16,99,55
0600000US0901316400,0901316400,"Columbia town, Tolland County, Connecticut",2156,97,2037,137,1720,123,1590,146,455,87,1135,149,130,79,72,63,25,30,47,57,58,46,18,28,40,37,317,107,119,96,52,76,0,17,0,17,0,17,52,76,0,17,0,17,0,17,52,76,52,76,0,17,67,70
0600000US0901317800,0901317800,"Coventry town, Tolland County, Connecticut",4648,282,4091,332,3248,253,2739,249,897,122,1842,225,509,139,162,83,61,51,101,64,347,106,127,94,220,105,843,220,557,166,279,146,139,108,101,100,38,44,140,69,16,26,16,26,0,19,124,66,86,53,38,61,278,144
0600000US0901325360,0901325360,"Ellington town, Tolland County, Connecticut",7000,322,4385,317,3202,270,2863,274,1223,229,1640,263,339,125,212,105,133,100,79,71,127,89,101,81,26,45,1183,246,2615,352,930,206,684,183,317,158,367,161,246,114,0,19,0,19,0,19,246,114,139,86,107,81,1685,307
0600000US0901337910,0901337910,"Hebron town, Tolland County, Connecticut",3528,118,3337,138,2644,112,2346,153,920,93,1426,142,298,103,136,79,83,64,53,51,162,64,85,47,77,44,693,127,191,74,57,50,39,47,39,47,0,17,18,20,0,17,0,17,0,17,18,20,9,13,9,14,134,63
0600000US0901344910,0901344910,"Mansfield town, Tolland County, Connecticut",5740,317,3058,255,2224,212,1841,184,649,101,1192,177,383,121,91,55,28,31,63,40,292,103,134,77,158,75,834,167,2682,269,459,122,161,84,119,77,42,39,298,99,104,88,14,22,90,85,194,84,129,74,65,48,2223,277
0600000US0901369220,0901369220,"Somers town, Tolland County, Connecticut",3625,161,3155,188,2531,140,2363,142,750,97,1613,149,168,53,36,29,11,17,25,24,132,46,58,29,74,42,624,149,470,118,243,96,159,79,87,74,72,46,84,70,26,37,26,37,0,19,58,55,12,15,46,51,227,80
0600000US0901372090,0901372090,"Stafford town, Tolland County, Connecticut",4707,220,3448,207,2426,159,1944,165,563,130,1381,177,482,113,55,35,44,30,11,18,427,110,133,62,294,89,1022,171,1259,192,553,138,242,94,117,70,125,66,311,128,70,69,0,19,70,69,241,110,147,89,94,62,706,178
0600000US0901376290,0901376290,"Tolland town, Tolland County, Connecticut",5252,180,4872,222,3974,239,3680,235,1484,140,2196,220,294,121,161,79,67,52,94,63,133,88,80,71,53,49,898,227,380,147,188,109,90,64,39,56,51,50,98,92,92,91,92,91,0,19,6,10,6,10,0,19,192,100
0600000US0901377830,0901377830,"Union town, Tolland County, Connecticut",374,44,363,43,285,33,263,32,61,21,202,32,22,11,13,8,4,5,9,7,9,8,4,6,5,6,78,26,11,10,6,9,6,9,5,7,1,3,0,12,0,12,0,12,0,12,0,12,0,12,0,12,5,6
0600000US0901378250,0901378250,"Vernon town, Tolland County, Connecticut",13039,393,6818,365,4493,293,3739,305,1264,184,2475,241,754,190,222,86,55,54,167,68,532,163,124,83,408,150,2325,314,6221,410,2622,376,1236,258,510,209,726,217,1386,318,305,161,162,124,143,91,1081,277,854,259,227,113,3599,406
0600000US0901385950,0901385950,"Willington town, Tolland County, Connecticut",2577,180,1665,208,1210,146,1013,140,289,113,724,148,197,107,55,61,11,20,44,58,142,99,105,89,37,37,455,168,912,184,121,66,99,55,18,30,81,47,22,35,0,17,0,17,0,17,22,35,22,35,0,17,791,186
0600000US0901501430,0901501430,"Ashford town, Windham County, Connecticut",1774,123,1307,136,864,110,710,109,207,75,503,86,154,70,40,29,14,22,26,18,114,68,59,55,55,35,443,119,467,106,166,69,74,58,74,58,0,12,92,68,60,63,60,63,0,12,32,33,32,33,0,12,301,100
0600000US0901509190,0901509190,"Brooklyn town, Windham County, Connecticut",2915,181,2139,196,1784,184,1593,203,414,123,1179,173,191,95,101,73,68,60,33,38,90,59,30,35,60,47,355,119,776,200,441,159,200,114,91,76,109,86,241,139,126,111,94,103,32,40,115,105,100,105,15,24,335,123
0600000US0901512130,0901512130,"Canterbury town, Windham County, Connecticut",1916,102,1698,112,1366,96,1189,120,454,113,735,102,177,81,110,74,64,62,46,50,67,33,26,23,41,24,332,102,218,85,115,71,61,48,0,17,61,48,54,52,0,17,0,17,0,17,54,52,41,50,13,15,103,55
0600000US0901513810,0901513810,"Chaplin town, Windham County, Connecticut",988,58,859,73,580,66,501,70,142,44,359,69,79,35,41,24,17,13,24,21,38,29,21,23,17,18,279,71,129,57,84,48,30,42,26,41,4,6,54,38,0,12,0,12,0,12,54,38,27,24,27,26,45,36
0600000US0901521860,0901521860,"Eastford town, Windham County, Connecticut",681,45,580,45,464,40,405,37,97,22,308,36,59,23,23,20,10,14,13,14,36,16,6,6,30,14,116,29,101,32,47,22,30,15,9,8,21,14,17,17,7,7,0,12,7,7,10,14,3,6,7,13,54,24
0600000US0901536000,0901536000,"Hampton town, Windham County, Connecticut",785,48,711,46,494,44,398,39,105,27,293,39,96,27,33,17,16,13,17,10,63,21,29,13,34,15,217,43,74,22,40,21,28,18,8,7,20,17,12,15,3,5,0,12,3,5,9,14,0,12,9,14,34,14
0600000US0901540500,0901540500,"Killingly town, Windham County, Connecticut",7088,318,4744,367,3035,256,2491,280,646,161,1845,256,544,181,212,125,110,79,102,95,332,118,132,75,200,87,1709,323,2344,340,1290,252,654,191,344,140,310,138,636,174,110,80,11,17,99,78,526,162,490,160,36,33,1054,245
0600000US0901559980,0901559980,"Plainfield town, Windham County, Connecticut",5595,241,3841,312,2901,258,2440,269,724,169,1716,227,461,154,189,102,67,68,122,81,272,117,87,57,185,96,940,194,1754,271,1005,249,464,173,217,103,247,132,541,206,130,94,95,89,35,41,411,190,242,133,169,113,749,175
0600000US0901561030,0901561030,"Pomfret town, Windham County, Connecticut",1647,122,1356,124,1020,96,870,108,300,61,570,114,150,77,35,39,4,9,31,42,115,71,30,37,85,64,336,108,291,116,65,54,24,18,0,12,24,18,41,51,9,14,0,12,9,14,32,50,32,50,0,12,226,120
0600000US0901562710,0901562710,"Putnam town, Windham County, Connecticut",4096,264,2380,220,1761,179,1300,184,261,94,1039,153,461,149,175,112,72,74,103,88,286,109,76,52,210,99,619,163,1716,233,657,146,337,105,100,63,237,96,320,147,86,71,48,38,38,58,234,130,183,122,51,60,1059,249
0600000US0901567400,0901567400,"Scotland town, Windham County, Connecticut",614,55,531,57,402,60,369,59,139,42,230,47,33,15,19,12,9,9,10,8,14,12,7,8,7,8,129,48,83,44,31,25,27,25,0,12,27,25,4,7,0,12,0,12,0,12,4,7,4,7,0,12,52,35
0600000US0901573420,0901573420,"Sterling town, Windham County, Connecticut",1446,85,1258,104,1039,100,729,109,265,61,464,102,310,107,201,87,51,47,150,79,109,62,94,59,15,18,219,89,188,74,125,63,29,26,21,23,8,13,96,58,29,39,0,12,29,39,67,62,57,61,10,15,63,40
0600000US0901575870,0901575870,"Thompson town, Windham County, Connecticut",3569,173,2787,227,2161,164,1871,158,507,84,1364,156,290,84,104,66,82,61,22,23,186,58,60,42,126,48,626,172,782,184,477,149,338,122,201,92,137,84,139,94,59,67,51,65,8,14,80,68,41,55,39,51,305,112
0600000US0901586790,0901586790,"Windham town, Windham County, Connecticut",8590,346,4026,322,2637,244,1851,232,539,141,1312,190,786,203,206,83,24,28,182,83,580,179,345,153,235,93,1389,213,4564,361,2241,295,539,152,235,120,304,99,1702,261,407,155,133,95,274,127,1295,225,1050,208,245,107,2323,353
0600000US0901588190,0901588190,"Woodstock town, Windham County, Connecticut",3249,200,2787,182,2192,168,1849,174,609,137,1240,195,343,163,80,65,38,42,42,48,263,141,103,99,160,100,595,181,462,169,181,113,97,99,0,17,97,99,84,68,27,31,27,31,0,17,57,61,0,17,57,61,281,151
0400000US09,09,Connecticut,1370746,3770,905681,5660,666587,4821,552918,5110,201893,3701,351025,2742,113669,2122,35019,1391,13108,870,21911,1039,78650,1550,27574,1002,51076,1403,239094,2801,465065,4134,226851,3271,106595,2410,51516,1488,55079,1667,120256,2650,26990,1344,13692,1048,13298,776,93266,2241,60913,1701,32353,1249,238214,3311
